id,title,company,category,job_type,location,posted_date,url
2091069,Patient Care Specialist,STATLINX,Medical,full_time,USA,2026-07-16 13:28:02,https://remotive.com/remote-jobs/medical/patient-care-specialist-2091069
1919265,Senior Independent Software Developer,A.Team,Software Development,contract,"Americas, Europe, Israel",2026-07-16 10:10:51,https://remotive.com/remote-jobs/software-development/senior-independent-software-developer-1919265
1919266,Senior Independent AI Engineer / Architect,A.Team,Software Development,contract,"Americas, Europe, Israel",2026-07-16 10:10:45,https://remotive.com/remote-jobs/software-development/senior-independent-ai-engineer-architect-1919266
2091068,Head of Marketing & Communications,garden3d,Marketing,contract,Worldwide,2026-07-16 08:06:41,https://remotive.com/remote-jobs/marketing/head-of-marketing-communications-2091068
2069746,Tech Lead Full-Stack Rails Engineer,Mitre Media,Software Development,full_time,"USA, Canada, USA timezones",2026-07-14 20:34:15,https://remotive.com/remote-jobs/software-development/tech-lead-full-stack-rails-engineer-2069746
2091067,Senior DevOps Engineer,Lemon.io,Devops,full_time,"Americas, Europe, Asia, Africa, Oceania",2026-07-14 14:14:46,https://remotive.com/remote-jobs/devops/senior-devops-engineer-2091067
2091062,Senior Product Engineer (Fullstack),Clipster,Software Development,full_time,"Europe, UK, Germany, France, European timezones",2026-07-13 07:05:10,https://remotive.com/remote-jobs/software-development/senior-product-engineer-fullstack-2091062
2090989,Assistant Account Payable,The Obesity Society,Medical,full_time,USA,2026-07-12 06:35:18,https://remotive.com/remote-jobs/medical/assistant-account-payable-2090989
1680495,Remote Office Assistant,Coalition Technologies,Marketing,full_time,Worldwide,2026-07-11 20:18:11,https://remotive.com/remote-jobs/marketing/remote-office-assistant-1680495
2091056,"Staff Software Engineer, Product (Belo Horizonte)",LawnStarter,Software Development,full_time,Brazil,2026-07-09 14:45:43,https://remotive.com/remote-jobs/software-development/staff-software-engineer-product-belo-horizonte-2091056
2091058,"Staff Software Engineer, Product (Montevideo)",LawnStarter,Software Development,full_time,Uruguay,2026-07-09 14:43:46,https://remotive.com/remote-jobs/software-development/staff-software-engineer-product-montevideo-2091058
2091055,"Staff Software Engineer, Product (São Paulo)",LawnStarter,Software Development,full_time,Brazil,2026-07-09 14:41:32,https://remotive.com/remote-jobs/software-development/staff-software-engineer-product-sao-paulo-2091055
2091050,"Staff Software Engineer, Product (Mexico City)",LawnStarter,Software Development,full_time,Mexico,2026-07-09 14:40:42,https://remotive.com/remote-jobs/software-development/staff-software-engineer-product-mexico-city-2091050
2091049,"Staff Software Engineer, Product (Campinas)",LawnStarter,Software Development,full_time,Brazil,2026-07-09 14:39:55,https://remotive.com/remote-jobs/software-development/staff-software-engineer-product-campinas-2091049
2091059,"Staff Software Engineer, Product (Florianópolis)",LawnStarter,Software Development,full_time,Brazil,2026-07-09 14:39:06,https://remotive.com/remote-jobs/software-development/staff-software-engineer-product-florianopolis-2091059
2091057,Staff Product Engineer (Mexico City),LawnStarter,Product Management,full_time,Mexico,2026-07-09 14:32:14,https://remotive.com/remote-jobs/product/staff-product-engineer-mexico-city-2091057
2091054,Staff Product Engineer (Montevideo),LawnStarter,Product Management,full_time,Uruguay,2026-07-09 14:30:17,https://remotive.com/remote-jobs/product/staff-product-engineer-montevideo-2091054
2091053,Staff Product Engineer (Campinas),LawnStarter,Product Management,full_time,Brazil,2026-07-09 14:28:36,https://remotive.com/remote-jobs/product/staff-product-engineer-campinas-2091053
2091052,Staff Product Engineer (Belo Horizonte),LawnStarter,Product Management,full_time,Brazil,2026-07-09 14:26:20,https://remotive.com/remote-jobs/product/staff-product-engineer-belo-horizonte-2091052
2091051,Staff Product Engineer (Florianópolis),LawnStarter,Product Management,full_time,Brazil,2026-07-09 14:24:28,https://remotive.com/remote-jobs/product/staff-product-engineer-florianopolis-2091051
2091048,Product Sales Specialist - Pet Health,Tribe Wellness,Sales,full_time,"USA, CST (UTC-6)",2026-07-09 08:01:56,https://remotive.com/remote-jobs/sales/product-sales-specialist-pet-health-2091048
2086540,Inside Sales Contractor,"Credit Wellness, LLC",Sales,full_time,Worldwide,2026-07-08 21:48:18,https://remotive.com/remote-jobs/sales/inside-sales-contractor-2086540
2090949,High-Ticket Financial Sales Specialist & Team Lead Track,FSE LLC,Sales,full_time,Worldwide,2026-07-08 19:44:58,https://remotive.com/remote-jobs/sales/high-ticket-financial-sales-specialist-team-lead-track-2090949
2091047,Online Data Analyst Canada (French Language) (C),TELUS Digital,All others,part_time,Canada,2026-07-08 13:02:27,https://remotive.com/remote-jobs/all-others/online-data-analyst-canada-french-language-c-2091047
2091045,Tier III Service Desk Engineer,Unio Digital,Information Technology,full_time,USA,2026-07-07 09:04:10,https://remotive.com/remote-jobs/information-technology/tier-iii-service-desk-engineer-2091045
1185979,Freelance Writer,IAPWE,Writing,freelance,Worldwide,2026-07-04 16:53:04,https://remotive.com/remote-jobs/writing/freelance-writer-1185979
1749306,Freelance Copywriter,Coalition Technologies,Writing,freelance,Worldwide,2026-07-02 20:01:13,https://remotive.com/remote-jobs/writing/freelance-copywriter-1749306
2090986,Senior AI Engineer,Lemon.io,Artificial Intelligence,full_time,"Northern America, LATAM, Europe, APAC",2026-07-02 11:45:47,https://remotive.com/remote-jobs/artificial-intelligence/senior-ai-engineer-2090986
2090942,Customer Operations & Writing Specialist,"Clerky, Inc.",Customer Service,full_time,Worldwide,2026-07-02 07:39:11,https://remotive.com/remote-jobs/customer-service/customer-operations-writing-specialist-2090942
2090903,Data Labeling Specialists,Workada,Data and Analytics,freelance,USA,2026-07-01 01:48:13,https://remotive.com/remote-jobs/data/data-labeling-specialists-2090903
2090985,Communications Manager,Lemon.io,Communications,full_time,"LATAM, Europe",2026-06-30 08:40:42,https://remotive.com/remote-jobs/communications/communications-manager-2090985
2091039,Client Success Coach (CSM),Impact Clients,Customer Service,full_time,"Northern America, Europe, South Africa",2026-06-29 14:20:56,https://remotive.com/remote-jobs/customer-service/client-success-coach-csm-2091039
2091038,Sales Assistant,Endureed by Global Innovation,Sales,full_time,USA,2026-06-26 14:55:18,https://remotive.com/remote-jobs/sales/sales-assistant-2091038
2091035,Mid/Senior AI Cinematic Video Editor,EverAI,Artificial Intelligence,full_time,Worldwide,2026-06-24 11:41:57,https://remotive.com/remote-jobs/artificial-intelligence/mid-senior-ai-cinematic-video-editor-2091035
2090984,Senior Product Manager,Lemon.io,Product Management,full_time,"Americas, Europe, Asia, Oceania",2026-06-24 09:57:46,https://remotive.com/remote-jobs/product/senior-product-manager-2090984
2091000,Staff Product Engineer (São Paulo),LawnStarter,Product Management,full_time,Brazil,2026-06-23 08:31:36,https://remotive.com/remote-jobs/product/staff-product-engineer-sao-paulo-2091000
2090994,Senior Quality Engineer (Florianópolis),LawnStarter,Quality Assurance,full_time,Brazil,2026-06-23 08:30:06,https://remotive.com/remote-jobs/qa/senior-quality-engineer-florianopolis-2090994
2090995,Senior Quality Engineer (São Paulo),LawnStarter,Quality Assurance,full_time,Brazil,2026-06-23 08:27:20,https://remotive.com/remote-jobs/qa/senior-quality-engineer-sao-paulo-2090995
2090996,Senior Quality Engineer (Belo Horizonte),LawnStarter,Quality Assurance,full_time,Brazil,2026-06-23 08:25:38,https://remotive.com/remote-jobs/qa/senior-quality-engineer-belo-horizonte-2090996
2090998,Senior Quality Engineer (Campinas),LawnStarter,Quality Assurance,full_time,Brazil,2026-06-23 08:23:50,https://remotive.com/remote-jobs/qa/senior-quality-engineer-campinas-2090998
2090997,Senior Quality Engineer (Porto Alegre),LawnStarter,Quality Assurance,full_time,Brazil,2026-06-23 07:08:26,https://remotive.com/remote-jobs/qa/senior-quality-engineer-porto-alegre-2090997
2090887,Mid/Senior AI Cinematic Video Editor,EverAI,Artificial Intelligence,full_time,Worldwide,2026-06-19 19:46:09,https://remotive.com/remote-jobs/artificial-intelligence/mid-senior-ai-cinematic-video-editor-2090887
